entry_id,name,title,choices_hint
1086328584,entry.1086328584,1.1 สัญชาติ (Nationality),คนไทย (Thai) | ต่างชาติ (Foreigner)
721007974,entry.721007974,1.2 เพศ (Gender),ชาย (Male) | หญิง (Female) | อื่นๆ (Other)
540972076,entry.540972076,1.3 อายุ (Age),ต่ำกว่า 18 ปี (Less than 18 years old) | 18-25 ปี  (Between 18 – 25 years old) | 26-35 ปี   (Between 26– 35 years old) | 36-45 ปี   (Between 36 – 45 years old) | 46-60 ปี  (Between 46 – 60 years old) | มากกว่า 60 ปี (More than 60 years old)
2115264552,entry.2115264552,"1.4 ท่านเดินทางมาจากจังหวัดใด
(Where do you come from?)",ในพื้นที่ จังหวัดอุดรธานี (Udon Thani Area) | มาจากจังหวัดอื่น (Other Provinces) | มาจากต่างประเทศ (Abroad)
533360791,entry.533360791,1.5 รูปแบบการท่องเที่ยว  (Types of Tourism),พักค้างในจังหวัดอุดรธานี (Visiting and stay at Udonthani ) | พักค้างในจังหวัดใกล้เคียง (Visiting and stay at nearby province) | ไม่พักค้าง (Non-overnight tourism)
1365390770,entry.1365390770,1.6 จำนวนวันในการท่องเที่ยว  (Duration of the trip),1 - 2 วัน (1 - 2 Days) | 3 - 5 วัน (3 - 5 Days) | มากกว่า 5 วัน (More than 5 Days)
667640791,entry.667640791,"1.7 ท่านตั้งงบประมาณในการมาท่องเที่ยวครั้งนี้ไว้ประมาณเท่าไหร่ ( รวมค่าที่พัก อาหาร เดินทาง ฯลฯ) What is your estimated budget for this trip (including accommodation, food, transportation, etc.) ?","0 - 2,000 (THB) | 2,001 - 5,000 (THB) | 5,001 - 7,000 (THB) | 7,001 - 10,000 (THB) | มากกว่า 10,000 บาท ขึ้นไป (More than 10,000 THB)"
875290967,entry.875290967,1.8 จำนวนเงินที่คาดว่าจะใช้จ่ายภายในงาน (How much do you think you will spend in the event?) *,"0 - 200 บาท (THB) | 201-500 บาท (THB) | 500-700 บาท (THB) | 701-1,000 บาท (THB) | มากกว่า 1,000 บาท (More than 10,000 THB)"
421713523,entry.421713523,1.9 ท่านทราบข่าวสารของการจัดงานจากแหล่งใด  (How did you find out about the event?),สื่อออนไลน์ Online media | ป้ายประชาสัมพันธ์ Information board | อื่นๆ etc.
