response_num,status,message,timestamp
1,Success,OK (8 pages),2025-12-10 12:54:47
2,Success,OK (9 pages),2025-12-10 12:56:37
3,Success,OK (11 pages),2025-12-10 12:58:40
4,Success,OK (8 pages),2025-12-10 13:00:37
5,Success,OK (8 pages),2025-12-10 13:02:36
6,Success,OK (8 pages),2025-12-10 13:04:20
7,Success,OK (8 pages),2025-12-10 13:06:11
8,Success,OK (8 pages),2025-12-10 13:07:52
9,Success,OK (8 pages),2025-12-10 13:09:32
10,Success,OK (9 pages),2025-12-10 13:11:28
11,Success,OK (9 pages),2025-12-10 13:13:31
12,Success,OK (9 pages),2025-12-10 13:15:31
13,Success,OK (9 pages),2025-12-10 13:17:28
14,Success,OK (8 pages),2025-12-10 13:19:17
15,Success,OK (8 pages),2025-12-10 13:21:15
16,Success,OK (9 pages),2025-12-10 13:22:58
17,Success,OK (8 pages),2025-12-10 13:24:43
18,Success,OK (8 pages),2025-12-10 13:26:42
19,Success,OK (9 pages),2025-12-10 13:28:35
20,Success,OK (11 pages),2025-12-10 13:30:35
21,Success,OK (9 pages),2025-12-10 13:32:34
22,Success,OK (10 pages),2025-12-10 13:34:40
23,Success,OK (8 pages),2025-12-10 13:36:19
24,Success,OK (9 pages),2025-12-10 13:38:05
25,Success,OK (10 pages),2025-12-10 13:40:03
26,Success,OK (10 pages),2025-12-10 13:41:57
27,Success,OK (8 pages),2025-12-10 13:43:55
28,Success,OK (8 pages),2025-12-10 13:45:41
29,Success,OK (8 pages),2025-12-10 13:47:20
30,Success,OK (10 pages),2025-12-10 13:49:24
31,Success,OK (14 pages),2025-12-10 13:51:36
32,Success,OK (8 pages),2025-12-10 13:53:19
33,Success,OK (10 pages),2025-12-10 13:55:18
34,Success,OK (8 pages),2025-12-10 13:57:11
35,Success,OK (9 pages),2025-12-10 13:59:15
36,Success,OK (9 pages),2025-12-10 14:01:06
37,Success,OK (8 pages),2025-12-10 14:02:51
38,Success,OK (9 pages),2025-12-10 14:04:54
39,Success,OK (9 pages),2025-12-10 14:06:36
40,Success,OK (9 pages),2025-12-10 14:08:26
41,Success,OK (8 pages),2025-12-10 14:10:19
42,Success,OK (9 pages),2025-12-10 14:12:03
43,Success,OK (8 pages),2025-12-10 14:13:44
44,Success,OK (9 pages),2025-12-10 14:15:28
45,Success,OK (9 pages),2025-12-10 14:17:31
46,Success,OK (10 pages),2025-12-10 14:19:27
47,Success,OK (8 pages),2025-12-10 14:21:25
48,Success,OK (8 pages),2025-12-10 14:23:12
49,Success,OK (9 pages),2025-12-10 14:24:58
50,Success,OK (9 pages),2025-12-10 14:26:49
51,Success,OK (8 pages),2025-12-10 14:28:41
52,Success,OK (9 pages),2025-12-10 14:30:37
53,Success,OK (9 pages),2025-12-10 14:32:31
54,Success,OK (8 pages),2025-12-10 14:34:28
55,Success,OK (8 pages),2025-12-10 14:36:10
56,Success,OK (9 pages),2025-12-10 14:37:56
57,Success,OK (10 pages),2025-12-10 14:39:57
58,Success,OK (9 pages),2025-12-10 14:41:42
59,Success,OK (8 pages),2025-12-10 14:43:29
60,Success,OK (8 pages),2025-12-10 14:45:18
61,Success,OK (8 pages),2025-12-10 14:47:16
62,Success,OK (8 pages),2025-12-10 14:48:56
63,Success,OK (11 pages),2025-12-10 14:51:04
64,Success,OK (8 pages),2025-12-10 14:52:47
65,Success,OK (8 pages),2025-12-10 14:54:27
66,Success,OK (10 pages),2025-12-10 14:56:26
67,Success,OK (8 pages),2025-12-10 14:58:23
68,Success,OK (8 pages),2025-12-10 15:00:12
69,Success,OK (9 pages),2025-12-10 15:01:58
70,Success,OK (9 pages),2025-12-10 15:03:49
71,Success,OK (8 pages),2025-12-10 15:05:42
72,Success,OK (9 pages),2025-12-10 15:07:40
73,Success,OK (10 pages),2025-12-10 15:09:37
74,Success,OK (9 pages),2025-12-10 15:11:24
75,Success,OK (8 pages),2025-12-10 15:13:13
76,Success,OK (8 pages),2025-12-10 15:15:04
77,Success,OK (10 pages),2025-12-10 15:17:10
78,Success,OK (10 pages),2025-12-10 15:18:59
79,Success,OK (8 pages),2025-12-10 15:20:48
80,Success,OK (8 pages),2025-12-10 15:22:43
81,Success,OK (8 pages),2025-12-10 15:24:31
82,Success,OK (8 pages),2025-12-10 15:26:22
83,Success,OK (8 pages),2025-12-10 15:28:11
84,Success,OK (8 pages),2025-12-10 15:29:56
85,Success,OK (9 pages),2025-12-10 15:31:45
86,Success,OK (8 pages),2025-12-10 15:33:42
87,Success,OK (9 pages),2025-12-10 15:35:31
88,Success,OK (8 pages),2025-12-10 15:37:17
89,Success,OK (10 pages),2025-12-10 15:39:10
90,Success,OK (8 pages),2025-12-10 15:41:07
91,Success,OK (8 pages),2025-12-10 15:42:51
92,Success,OK (8 pages),2025-12-10 15:44:30
93,Success,OK (8 pages),2025-12-10 15:46:10
94,Success,OK (9 pages),2025-12-10 15:48:11
95,Success,OK (8 pages),2025-12-10 15:49:56
96,Success,OK (9 pages),2025-12-10 15:51:52
97,Success,OK (9 pages),2025-12-10 15:53:37
98,Success,OK (8 pages),2025-12-10 15:55:23
99,Success,OK (8 pages),2025-12-10 15:57:20
100,Success,OK (9 pages),2025-12-10 15:59:15
101,Success,OK (8 pages),2025-12-10 16:01:01
102,Success,OK (8 pages),2025-12-10 16:02:45
103,Success,OK (8 pages),2025-12-10 16:04:30
104,Success,OK (11 pages),2025-12-10 16:06:35
105,Success,OK (9 pages),2025-12-10 16:08:20
